AAAA	253
AAAC	95
AAAG	119
AAAT	139
AACA	92
AACC	49
AACG	13
AACT	71
AAGA	96
AAGC	50
AAGG	71
AAGT	81
AATA	84
AATC	54
AATG	84
AATT	92
ACAA	72
ACAC	60
ACAG	80
ACAT	113
ACCA	93
ACCC	55
ACCG	4
ACCT	70
ACGA	11
ACGC	4
ACGG	10
ACGT	13
ACTA	60
ACTC	58
ACTG	61
ACTT	96
AGAA	116
AGAC	66
AGAG	106
AGAT	62
AGCA	66
AGCC	71
AGCG	10
AGCT	66
AGGA	85
AGGC	56
AGGG	61
AGGT	67
AGTA	73
AGTC	40
AGTG	73
AGTT	75
ATAA	82
ATAC	44
ATAG	45
ATAT	72
ATCA	59
ATCC	37
ATCG	8
ATCT	70
ATGA	86
ATGC	52
ATGG	58
ATGT	115
ATTA	53
ATTC	60
ATTG	51
ATTT	135
CAAA	162
CAAC	58
CAAG	68
CAAT	79
CACA	105
CACC	72
CACG	16
CACT	81
CAGA	106
CAGC	87
CAGG	97
CAGT	81
CATA	91
CATC	59
CATG	107
CATT	91
CCAA	138
CCAC	107
CCAG	154
CCAT	143
CCCA	206
CCCC	80
CCCG	33
CCCT	138
CCGA	20
CCGC	14
CCGG	16
CCGT	10
CCTA	98
CCTC	129
CCTG	195
CCTT	156
CGAA	8
CGAC	4
CGAG	15
CGAT	12
CGCA	10
CGCC	15
CGCG	0
CGCT	12
CGGA	7
CGGC	10
CGGG	14
CGGT	10
CGTA	8
CGTC	12
CGTG	25
CGTT	12
CTAA	78
CTAC	57
CTAG	58
CTAT	62
CTCA	104
CTCC	87
CTCG	17
CTCT	104
CTGA	106
CTGC	77
CTGG	115
CTGT	138
CTTA	82
CTTC	80
CTTG	63
CTTT	157
GAAA	112
GAAC	62
GAAG	75
GAAT	80
GACA	47
GACC	26
GACG	5
GACT	30
GAGA	71
GAGC	37
GAGG	72
GAGT	60
GATA	36
GATC	28
GATG	42
GATT	58
GCAA	50
GCAC	35
GCAG	52
GCAT	79
GCCA	91
GCCC	57
GCCG	14
GCCT	81
GCGA	10
GCGC	7
GCGG	7
GCGT	6
GCTA	54
GCTC	48
GCTG	85
GCTT	68
GGAA	110
GGAC	45
GGAG	96
GGAT	58
GGCA	82
GGCC	54
GGCG	17
GGCT	73
GGGA	70
GGGC	45
GGGG	57
GGGT	52
GGTA	56
GGTC	27
GGTG	81
GGTT	70
GTAA	52
GTAC	30
GTAG	44
GTAT	59
GTCA	72
GTCC	84
GTCG	5
GTCT	74
GTGA	87
GTGC	61
GTGG	96
GTGT	125
GTTA	34
GTTC	46
GTTG	54
GTTT	90
TAAA	161
TAAC	60
TAAG	88
TAAT	103
TACA	122
TACC	53
TACG	5
TACT	122
TAGA	110
TAGC	61
TAGG	69
TAGT	95
TATA	118
TATC	73
TATG	74
TATT	178
TCAA	141
TCAC	113
TCAG	155
TCAT	170
TCCA	252
TCCC	266
TCCG	15
TCCT	300
TCGA	16
TCGC	7
TCGG	14
TCGT	17
TCTA	137
TCTC	119
TCTG	132
TCTT	170
TGAA	177
TGAC	68
TGAG	99
TGAT	135
TGCA	113
TGCC	148
TGCG	2
TGCT	146
TGGA	169
TGGC	143
TGGG	145
TGGT	142
TGTA	142
TGTC	109
TGTG	122
TGTT	170
TTAA	124
TTAC	86
TTAG	78
TTAT	141
TTCA	89
TTCC	89
TTCG	2
TTCT	183
TTGA	130
TTGC	97
TTGG	104
TTGT	226
TTTA	113
TTTC	97
TTTG	100
TTTT	225
